"date","discharge"
2011-11-01,21.4
2011-11-02,20.6
2011-11-03,20.6
2011-11-04,20.6
2011-11-05,20.6
2011-11-06,20.6
2011-11-07,20.6
2011-11-08,21.4
2011-11-09,21.4
2011-11-10,21.4
2011-11-11,21.4
2011-11-12,21.4
2011-11-13,21.4
2011-11-14,21.4
2011-11-15,21.4
2011-11-16,20.6
2011-11-17,20.6
2011-11-18,23
2011-11-19,23
2011-11-20,23
2011-11-21,23
2011-11-22,23
2011-11-23,23
2011-11-24,23
2011-11-25,23
2011-11-26,23
2011-11-27,23
2011-11-28,23
2011-11-29,23
2011-11-30,23
2011-12-01,23
2011-12-02,23
2011-12-03,23
2011-12-04,23
2011-12-05,22.2
2011-12-06,22.2
2011-12-07,22.2
2011-12-08,22.2
2011-12-09,22.2
2011-12-10,22.2
2011-12-11,22.2
2011-12-12,22.2
2011-12-13,22.2
2011-12-14,23
2011-12-15,23
2011-12-16,22.2
2011-12-17,22.2
2011-12-18,22.2
2011-12-19,22.2
2011-12-20,22.2
2011-12-21,22.2
2011-12-22,22.2
2011-12-23,22.2
2011-12-24,22.2
2011-12-25,23
2011-12-26,23
2011-12-27,23
2011-12-28,23
2011-12-29,23
2011-12-30,23
2011-12-31,23
2012-01-01,23
2012-01-02,23
2012-01-03,23
2012-01-04,23
2012-01-05,22.2
2012-01-06,22.2
2012-01-07,22.2
2012-01-08,22.2
2012-01-09,22.2
2012-01-10,22.2
2012-01-11,22.2
2012-01-12,42.6
2012-01-13,45.2
2012-01-14,23
2012-01-15,22.2
2012-01-16,30
2012-01-17,30
2012-01-18,22.2
2012-01-19,22.2
2012-01-20,30
2012-01-21,30
2012-01-22,30
2012-01-23,30
2012-01-24,28.6
2012-01-25,22.2
2012-01-26,22.2
2012-01-27,22.2
2012-01-28,30
2012-01-29,28.5
2012-01-30,25.5
2012-01-31,26.7
2012-02-01,30.3
2012-02-02,31.4
2012-02-03,32
2012-02-04,26.9
2012-02-05,24.2
2012-02-06,24.4
2012-02-07,23.2
2012-02-08,23
2012-02-09,23.1
2012-02-10,24.2
2012-02-11,23.8
2012-02-12,23.7
2012-02-13,23.6
2012-02-14,24.1
2012-02-15,23.4
2012-02-16,23.5
2012-02-17,23.2
2012-02-18,23.2
2012-02-19,24.5
2012-02-20,27.3
2012-02-21,28.1
2012-02-22,31.8
2012-02-23,36.4
2012-02-24,46.3
2012-02-25,142
2012-02-26,125
2012-02-27,141
2012-02-28,95
2012-02-29,76.8
2012-03-01,67.6
2012-03-02,88.4
2012-03-03,96.3
2012-03-04,95
2012-03-05,116
2012-03-06,108
2012-03-07,64.4
2012-03-08,51.3
2012-03-09,48.1
2012-03-10,47.6
2012-03-11,48.1
2012-03-12,47.3
2012-03-13,58.1
2012-03-14,65.5
2012-03-15,86.6
2012-03-16,114
2012-03-17,104
2012-03-18,95
2012-03-19,92.5
2012-03-20,111
2012-03-21,112
2012-03-22,107
2012-03-23,95.7
2012-03-24,71.3
2012-03-25,79.4
2012-03-26,71.6
2012-03-27,87.8
2012-03-28,73.9
2012-03-29,74.5
2012-03-30,74.3
2012-03-31,62.6
2012-04-01,73.2
2012-04-02,119
2012-04-03,122
2012-04-04,73.3
2012-04-05,72
2012-04-06,72.2
2012-04-07,98.8
2012-04-08,82.6
2012-04-09,95.2
2012-04-10,113
2012-04-11,99.5
2012-04-12,115
2012-04-13,89.1
2012-04-14,101
2012-04-15,90.9
2012-04-16,116
2012-04-17,119
2012-04-18,121
2012-04-19,110
2012-04-20,99.6
2012-04-21,117
2012-04-22,112
2012-04-23,108
2012-04-24,102
2012-04-25,92.3
2012-04-26,91.3
2012-04-27,77.3
2012-04-28,61.2
2012-04-29,50.8
2012-04-30,49.5
2012-05-01,37.1
2012-05-02,49.9
2012-05-03,86.6
2012-05-04,68.3
2012-05-05,82
2012-05-06,93.2
2012-05-07,73.9
2012-05-08,90.1
2012-05-09,91.5
2012-05-10,78.6
2012-05-11,84.4
2012-05-12,92.4
2012-05-13,59.7
2012-05-14,77.4
2012-05-15,64.1
2012-05-16,51.7
2012-05-17,70.1
2012-05-18,105
2012-05-19,118
2012-05-20,90.4
2012-05-21,72.3
2012-05-22,82.8
2012-05-23,65.4
2012-05-24,79.2
2012-05-25,73.5
2012-05-26,64.6
2012-05-27,63.7
2012-05-28,80.4
2012-05-29,68.9
2012-05-30,59.7
2012-05-31,65.3
2012-06-01,53
2012-06-02,59.2
2012-06-03,54.4
2012-06-04,60.7
2012-06-05,81.8
2012-06-06,92.8
2012-06-07,92.6
2012-06-08,92.3
2012-06-09,90.5
2012-06-10,71.4
2012-06-11,89.8
2012-06-12,117
2012-06-13,156
2012-06-14,145
2012-06-15,102
2012-06-16,71.2
2012-06-17,54.5
2012-06-18,81
2012-06-19,68.1
2012-06-20,68.3
2012-06-21,107
2012-06-22,120
2012-06-23,114
2012-06-24,66.5
2012-06-25,114
2012-06-26,92.4
2012-06-27,67.5
2012-06-28,57.9
2012-06-29,58.2
2012-06-30,44.6
2012-07-01,37.6
2012-07-02,33.8
2012-07-03,46.9
2012-07-04,49.6
2012-07-05,49.9
2012-07-06,72.1
2012-07-07,66.4
2012-07-08,42
2012-07-09,39.5
2012-07-10,49.1
2012-07-11,48.4
2012-07-12,48.8
2012-07-13,54.4
2012-07-14,59.1
2012-07-15,34.5
2012-07-16,55.8
2012-07-17,77
2012-07-18,48.2
2012-07-19,29.5
2012-07-20,36.7
2012-07-21,48.1
2012-07-22,48.1
2012-07-23,61.6
2012-07-24,46.5
2012-07-25,41.7
2012-07-26,45.9
2012-07-27,56.2
2012-07-28,48.6
2012-07-29,42.3
2012-07-30,47.1
2012-07-31,48.8
2012-08-01,55.1
2012-08-02,49.9
2012-08-03,49.6
2012-08-04,51.2
2012-08-05,47.6
2012-08-06,47.2
2012-08-07,44.6
2012-08-08,32.2
2012-08-09,31.9
2012-08-10,31.6
2012-08-11,31.6
2012-08-12,31.6
2012-08-13,31.6
2012-08-14,23.6
2012-08-15,23.6
2012-08-16,23.1
2012-08-17,23.1
2012-08-18,23.1
2012-08-19,23.1
2012-08-20,23.1
2012-08-21,23.1
2012-08-22,23.1
2012-08-23,29.6
2012-08-24,29.6
2012-08-25,29.6
2012-08-26,28.6
2012-08-27,28.6
2012-08-28,22.6
2012-08-29,22.6
2012-08-30,22.6
2012-08-31,22.6
2012-09-01,22.6
2012-09-02,22.6
2012-09-03,22.6
2012-09-04,22.6
2012-09-05,22.6
2012-09-06,22.6
2012-09-07,22.6
2012-09-08,22.6
2012-09-09,22.6
2012-09-10,22.6
2012-09-11,22.6
2012-09-12,22.6
2012-09-13,22.6
2012-09-14,22.6
2012-09-15,22.6
2012-09-16,22.6
2012-09-17,22
2012-09-18,22
2012-09-19,22.6
2012-09-20,22.6
2012-09-21,22.6
2012-09-22,23.6
2012-09-23,22.6
2012-09-24,22.6
2012-09-25,22.6
2012-09-26,22
2012-09-27,22.6
2012-09-28,22.6
2012-09-29,22
2012-09-30,22
2012-10-01,21.5
2012-10-02,21.5
2012-10-03,22.6
2012-10-04,22.6
2012-10-05,22.6
2012-10-06,22.6
2012-10-07,22.6
2012-10-08,22.6
2012-10-09,22.6
2012-10-10,22.6
2012-10-11,22.6
2012-10-12,22.6
2012-10-13,22.6
2012-10-14,22.6
2012-10-15,22.6
2012-10-16,22.6
2012-10-17,22.6
2012-10-18,22.6
2012-10-19,22.6
2012-10-20,22.6
2012-10-21,22.6
2012-10-22,22.6
2012-10-23,22.6
2012-10-24,22.6
2012-10-25,21.5
2012-10-26,21.5
2012-10-27,21.5
2012-10-28,21.5
2012-10-29,21.5
2012-10-30,21.5
2012-10-31,21.5
2012-11-01,21.5
2012-11-02,21.5
2012-11-03,21.5
2012-11-04,21.5
2012-11-05,21.5
2012-11-06,21.5
2012-11-07,21.5
2012-11-08,21.5
2012-11-09,21.5
2012-11-10,21.5
2012-11-11,21.5
2012-11-12,21.5
2012-11-13,22.6
2012-11-14,30.6
2012-11-15,29.3
2012-11-16,28.6
2012-11-17,46
2012-11-18,46
2012-11-19,46
2012-11-20,46
2012-11-21,30.6
2012-11-22,30.6
2012-11-23,46
2012-11-24,46
2012-11-25,29.6
2012-11-26,29.6
2012-11-27,28.6
2012-11-28,21.5
2012-11-29,21.5
2012-11-30,30.6
2012-12-01,30.6
2012-12-02,30.6
2012-12-03,30.6
2012-12-04,40.3
2012-12-05,40.3
2012-12-06,30.6
2012-12-07,30.6
2012-12-08,30.6
2012-12-09,30.6
2012-12-10,25.6
2012-12-11,22
2012-12-12,22
2012-12-13,22
2012-12-14,22
2012-12-15,22.6
2012-12-16,22
2012-12-17,22
2012-12-18,22.6
2012-12-19,30.6
2012-12-20,43.7
2012-12-21,43.7
2012-12-22,43.7
2012-12-23,43.7
2012-12-24,30.6
2012-12-25,22.6
2012-12-26,22.6
2012-12-27,23.1
2012-12-28,23.1
2012-12-29,26.6
2012-12-30,63.2
2012-12-31,50.8
2013-01-01,32.6
2013-01-02,32.6
2013-01-03,50.8
2013-01-04,30.6
2013-01-05,24.6
2013-01-06,30.6
2013-01-07,30.6
2013-01-08,30.6
2013-01-09,30.6
2013-01-10,30.6
2013-01-11,47.2
2013-01-12,30.6
2013-01-13,22.6
2013-01-14,21.4
2013-01-15,22.6
2013-01-16,22.6
2013-01-17,22.6
2013-01-18,30.6
2013-01-19,30.6
2013-01-20,30.6
2013-01-21,22.6
2013-01-22,22.6
2013-01-23,20.5
2013-01-24,22.6
2013-01-25,30.6
2013-01-26,30.6
2013-01-27,24.6
2013-01-28,21
2013-01-29,27.6
2013-01-30,46
2013-01-31,98.7
2013-02-01,123
2013-02-02,96.6
2013-02-03,67.6
2013-02-04,82.2
2013-02-05,63.8
2013-02-06,61.9
2013-02-07,59.9
2013-02-08,56.2
2013-02-09,48.7
2013-02-10,31.7
2013-02-11,23.4
2013-02-12,28.1
2013-02-13,32.9
2013-02-14,32.9
2013-02-15,32.7
2013-02-16,41.2
2013-02-17,37.4
2013-02-18,33
2013-02-19,39.2
2013-02-20,35.9
2013-02-21,32.5
2013-02-22,29.1
2013-02-23,27.5
2013-02-24,31.5
2013-02-25,41.9
2013-02-26,71.2
2013-02-27,89.7
2013-02-28,112
2013-03-01,86.8
2013-03-02,69.3
2013-03-03,63.7
2013-03-04,73.2
2013-03-05,74.6
2013-03-06,55.3
2013-03-07,49.2
2013-03-08,85.1
2013-03-09,129
2013-03-10,118
2013-03-11,120
2013-03-12,125
2013-03-13,127
2013-03-14,116
2013-03-15,133
2013-03-16,161
2013-03-17,113
2013-03-18,91.9
2013-03-19,89
2013-03-20,93.5
2013-03-21,48.8
2013-03-22,91.4
2013-03-23,97.5
2013-03-24,75.2
2013-03-25,63.9
2013-03-26,66.8
2013-03-27,70
2013-03-28,76.1
2013-03-29,64
2013-03-30,64.7
2013-03-31,56.2
2013-04-01,61.2
2013-04-02,90
2013-04-03,98.2
2013-04-04,104
2013-04-05,122
2013-04-06,124
2013-04-07,150
2013-04-08,138
2013-04-09,134
2013-04-10,133
2013-04-11,184
2013-04-12,253
2013-04-13,295
2013-04-14,275
2013-04-15,258
2013-04-16,250
2013-04-17,258
2013-04-18,257
2013-04-19,257
2013-04-20,255
2013-04-21,253
2013-04-22,205
2013-04-23,160
2013-04-24,149
2013-04-25,188
2013-04-26,194
2013-04-27,190
2013-04-28,170
2013-04-29,146
2013-04-30,132
2013-05-01,103
2013-05-02,110
2013-05-03,81.7
2013-05-04,165
2013-05-05,197
2013-05-06,180
2013-05-07,174
2013-05-08,150
2013-05-09,145
2013-05-10,146
2013-05-11,105
2013-05-12,115
2013-05-13,110
2013-05-14,81.1
2013-05-15,95.1
2013-05-16,56.3
2013-05-17,74.9
2013-05-18,80.7
2013-05-19,63.7
2013-05-20,62.7
2013-05-21,49.5
2013-05-22,46.4
2013-05-23,36.6
2013-05-24,66.5
2013-05-25,55.3
2013-05-26,32.2
2013-05-27,51.3
2013-05-28,62.8
2013-05-29,43.8
2013-05-30,45.6
2013-05-31,47.6
2013-06-01,61.6
2013-06-02,105
2013-06-03,176
2013-06-04,367
2013-06-05,375
2013-06-06,256
2013-06-07,177
2013-06-08,99.2
2013-06-09,72.1
2013-06-10,105
2013-06-11,74.7
2013-06-12,292
2013-06-13,187
2013-06-14,133
2013-06-15,104
2013-06-16,52.2
2013-06-17,58.3
2013-06-18,75.3
2013-06-19,75.4
2013-06-20,53
2013-06-21,61.6
2013-06-22,67.2
2013-06-23,67.8
2013-06-24,86.5
2013-06-25,176
2013-06-26,201
2013-06-27,182
2013-06-28,215
2013-06-29,262
2013-06-30,196
2013-07-01,154
2013-07-02,151
2013-07-03,117
2013-07-04,111
2013-07-05,69.7
2013-07-06,28.8
2013-07-07,26.2
2013-07-08,40.8
2013-07-09,49
2013-07-10,43.5
2013-07-11,79.1
2013-07-12,55.5
2013-07-13,79.2
2013-07-14,81.3
2013-07-15,103
2013-07-16,106
2013-07-17,105
2013-07-18,93
2013-07-19,31.6
2013-07-20,35.8
2013-07-21,30.6
2013-07-22,58.7
2013-07-23,61.1
2013-07-24,55
2013-07-25,43.3
2013-07-26,30.6
2013-07-27,30.2
2013-07-28,30.1
2013-07-29,56.2
2013-07-30,48.8
2013-07-31,35.1
2013-08-01,26
2013-08-02,31
2013-08-03,29.3
2013-08-04,26
2013-08-05,22.7
2013-08-06,31
2013-08-07,31
2013-08-08,29.3
2013-08-09,29.3
2013-08-10,35.6
2013-08-11,29.3
2013-08-12,27.7
2013-08-13,29.3
2013-08-14,29.3
2013-08-15,31
2013-08-16,27.7
2013-08-17,22.7
2013-08-18,22.7
2013-08-19,27.7
2013-08-20,27.7
2013-08-21,43.9
2013-08-22,21.9
2013-08-23,21.9
2013-08-24,21.9
2013-08-25,21.9
2013-08-26,21.9
2013-08-27,21.9
2013-08-28,27.7
2013-08-29,21.9
2013-08-30,21.9
2013-08-31,21.9
2013-09-01,21.4
2013-09-02,21.4
2013-09-03,21.4
2013-09-04,21.4
2013-09-05,21.4
2013-09-06,21.4
2013-09-07,21.4
2013-09-08,22.3
2013-09-09,21.6
2013-09-10,22.3
2013-09-11,23.3
2013-09-12,23.3
2013-09-13,24.9
2013-09-14,22.7
2013-09-15,23.1
2013-09-16,23.7
2013-09-17,26.2
2013-09-18,25.2
2013-09-19,24.1
2013-09-20,27.2
2013-09-21,28.8
2013-09-22,33.6
2013-09-23,29.3
2013-09-24,25.6
2013-09-25,39
2013-09-26,52.7
2013-09-27,40.9
2013-09-28,31.4
2013-09-29,32.2
2013-09-30,48.1
2013-10-01,42.4
2013-10-02,32.9
2013-10-03,32.7
2013-10-04,32.8
2013-10-05,31.6
2013-10-06,23.9
2013-10-07,27.5
2013-10-08,32.2
2013-10-09,35.2
2013-10-10,32.3
2013-10-11,32.4
2013-10-12,32
2013-10-13,24.9
2013-10-14,22.2
2013-10-15,22.1
2013-10-16,22.3
2013-10-17,22.4
2013-10-18,31.2
2013-10-19,31.7
2013-10-20,31.2
2013-10-21,31.1
2013-10-22,33
2013-10-23,31.6
2013-10-24,32
2013-10-25,31.1
2013-10-26,31
2013-10-27,31.9
2013-10-28,31.8
2013-10-29,35.5
2013-10-30,42
2013-10-31,31.4
2013-11-01,24.6
2013-11-02,22.3
2013-11-03,22.4
2013-11-04,22.3
2013-11-05,22.7
2013-11-06,28.1
2013-11-07,45
2013-11-08,95.8
2013-11-09,86.2
2013-11-10,70.4
2013-11-11,119
2013-11-12,135
2013-11-13,115
2013-11-14,78.5
2013-11-15,41.9
2013-11-16,43.9
2013-11-17,55.9
2013-11-18,64.5
2013-11-19,67.1
2013-11-20,57.4
2013-11-21,65.3
2013-11-22,65.6
2013-11-23,52.9
2013-11-24,45.5
2013-11-25,52.4
2013-11-26,108
2013-11-27,83.9
2013-11-28,66.5
2013-11-29,67
2013-11-30,54.7
2013-12-01,51.1
2013-12-02,62.3
2013-12-03,54.9
2013-12-04,49.4
2013-12-05,35.8
2013-12-06,41.1
2013-12-07,45.3
2013-12-08,31.3
2013-12-09,47
2013-12-10,61.7
2013-12-11,81
2013-12-12,64.8
2013-12-13,51.7
2013-12-14,49.1
2013-12-15,48.7
2013-12-16,48.1
2013-12-17,50.7
2013-12-18,54.4
2013-12-19,25.4
2013-12-20,54
2013-12-21,29.3
2013-12-22,22
2013-12-23,42
2013-12-24,35.6
2013-12-25,23.2
2013-12-26,22.6
2013-12-27,37.4
2013-12-28,35.9
2013-12-29,35.4
2013-12-30,61.1
2013-12-31,84.2
2014-01-01,47.6
2014-01-02,58
2014-01-03,65.6
2014-01-04,51
2014-01-05,44.5
2014-01-06,46.2
2014-01-07,30.1
2014-01-08,50.8
2014-01-09,44
2014-01-10,32.5
2014-01-11,46.7
2014-01-12,30.7
2014-01-13,43.4
2014-01-14,44.5
2014-01-15,30.7
2014-01-16,30.2
2014-01-17,42.4
2014-01-18,30.1
2014-01-19,34.2
2014-01-20,46.3
2014-01-21,34.1
2014-01-22,36.7
2014-01-23,48
2014-01-24,48.2
2014-01-25,47.6
2014-01-26,36.5
2014-01-27,36
2014-01-28,33.2
2014-01-29,26.4
2014-01-30,30.4
2014-01-31,47.5
2014-02-01,44.9
2014-02-02,33
2014-02-03,58.4
2014-02-04,50.7
2014-02-05,47
2014-02-06,47.3
2014-02-07,44.5
2014-02-08,48.6
2014-02-09,30.5
2014-02-10,34.4
2014-02-11,50.9
2014-02-12,67.3
2014-02-13,77
2014-02-14,74.7
2014-02-15,76.6
2014-02-16,67.1
2014-02-17,82.5
2014-02-18,74.3
2014-02-19,65.9
2014-02-20,80.6
2014-02-21,98.5
2014-02-22,57.9
2014-02-23,46.7
2014-02-24,46.5
2014-02-25,60.4
2014-02-26,65.6
2014-02-27,66.9
2014-02-28,66.2
2014-03-01,56.4
2014-03-02,44
2014-03-03,38.6
2014-03-04,47.4
2014-03-05,34.8
2014-03-06,30
2014-03-07,41.3
2014-03-08,47.5
2014-03-09,31.6
2014-03-10,38.5
2014-03-11,46.3
2014-03-12,30.5
2014-03-13,30.3
2014-03-14,30.9
2014-03-15,33.7
2014-03-16,43.6
2014-03-17,79.7
2014-03-18,122
2014-03-19,116
2014-03-20,112
2014-03-21,117
2014-03-22,81.5
2014-03-23,68.2
2014-03-24,82.3
2014-03-25,90
2014-03-26,88.7
2014-03-27,79.7
2014-03-28,87.1
2014-03-29,73.1
2014-03-30,68.1
2014-03-31,68.4
2014-04-01,56.8
2014-04-02,60.7
2014-04-03,30.4
2014-04-04,38.6
2014-04-05,46.7
2014-04-06,48.6
2014-04-07,46.1
2014-04-08,47.7
2014-04-09,36.3
2014-04-10,38.7
2014-04-11,51.6
2014-04-12,74.4
2014-04-13,68.3
2014-04-14,62.2
2014-04-15,61.5
2014-04-16,62.4
2014-04-17,62.2
2014-04-18,61.9
2014-04-19,74.7
2014-04-20,62.3
2014-04-21,52.7
2014-04-22,61.7
2014-04-23,65
2014-04-24,67
2014-04-25,96.9
2014-04-26,108
2014-04-27,104
2014-04-28,126
2014-04-29,174
2014-04-30,253
2014-05-01,186
2014-05-02,139
2014-05-03,89.4
2014-05-04,56.5
2014-05-05,115
2014-05-06,110
2014-05-07,101
2014-05-08,103
2014-05-09,84.2
2014-05-10,88.9
2014-05-11,94.9
2014-05-12,108
2014-05-13,212
2014-05-14,302
2014-05-15,582
2014-05-16,1670
2014-05-17,1580
2014-05-18,923
2014-05-19,669
2014-05-20,516
2014-05-21,383
2014-05-22,270
2014-05-23,264
2014-05-24,263
2014-05-25,191
2014-05-26,190
2014-05-27,320
2014-05-28,265
2014-05-29,127
2014-05-30,141
2014-05-31,139
2014-06-01,83.8
2014-06-02,87.2
2014-06-03,71.2
2014-06-04,65.5
2014-06-05,94.6
2014-06-06,86.2
2014-06-07,70.8
2014-06-08,69.7
2014-06-09,101
2014-06-10,59.2
2014-06-11,36
2014-06-12,60.3
2014-06-13,67.4
2014-06-14,90.4
2014-06-15,51
2014-06-16,99.8
2014-06-17,78.5
2014-06-18,45.5
2014-06-19,40.5
2014-06-20,35.5
2014-06-21,47.2
2014-06-22,47.8
2014-06-23,45.3
2014-06-24,32.8
2014-06-25,45.2
2014-06-26,37.3
2014-06-27,61.9
2014-06-28,59.9
2014-06-29,32.3
2014-06-30,56.6
2014-07-01,54.1
2014-07-02,104
2014-07-03,132
2014-07-04,176
2014-07-05,145
2014-07-06,75.8
2014-07-07,60
2014-07-08,84.1
2014-07-09,103
2014-07-10,255
2014-07-11,168
2014-07-12,519
2014-07-13,605
2014-07-14,321
2014-07-15,258
2014-07-16,200
2014-07-17,251
2014-07-18,243
2014-07-19,440
2014-07-20,261
2014-07-21,172
2014-07-22,172
2014-07-23,236
2014-07-24,206
2014-07-25,270
2014-07-26,250
2014-07-27,186
2014-07-28,147
2014-07-29,151
2014-07-30,118
2014-07-31,106
2014-08-01,123
2014-08-02,140
2014-08-03,156
2014-08-04,114
2014-08-05,56.6
2014-08-06,112
2014-08-07,191
2014-08-08,234
2014-08-09,196
2014-08-10,141
2014-08-11,121
2014-08-12,194
2014-08-13,155
2014-08-14,137
2014-08-15,182
2014-08-16,140
2014-08-17,123
2014-08-18,93.3
2014-08-19,94.1
2014-08-20,97.1
2014-08-21,134
2014-08-22,174
2014-08-23,152
2014-08-24,118
2014-08-25,118
2014-08-26,101
2014-08-27,85.1
2014-08-28,117
2014-08-29,126
2014-08-30,107
2014-08-31,76.8
2014-09-01,103
2014-09-02,96.1
2014-09-03,114
2014-09-04,97.3
2014-09-05,84.6
2014-09-06,73
2014-09-07,42.9
2014-09-08,46
2014-09-09,50.4
2014-09-10,43.2
2014-09-11,90.3
2014-09-12,100
2014-09-13,91.6
2014-09-14,92.6
2014-09-15,92.2
2014-09-16,70.5
2014-09-17,50.1
2014-09-18,48.5
2014-09-19,50.2
2014-09-20,62.1
2014-09-21,53.6
2014-09-22,69.9
2014-09-23,85.5
2014-09-24,82.1
2014-09-25,65.2
2014-09-26,67.1
2014-09-27,53.7
2014-09-28,49.1
2014-09-29,70.8
2014-09-30,56.3
2014-10-01,49.2
2014-10-02,103
2014-10-03,125
2014-10-04,91.6
2014-10-05,123
2014-10-06,110
2014-10-07,92.5
2014-10-08,89.4
2014-10-09,53.3
2014-10-10,55.2
2014-10-11,71.3
2014-10-12,55.9
2014-10-13,55.2
2014-10-14,60.7
2014-10-15,61
2014-10-16,47.3
2014-10-17,68.4
2014-10-18,56.4
2014-10-19,86.9
2014-10-20,104
2014-10-21,83.1
2014-10-22,65.3
2014-10-23,147
2014-10-24,264
2014-10-25,171
2014-10-26,114
2014-10-27,91.4
2014-10-28,82.4
2014-10-29,76
2014-10-30,76.4
2014-10-31,80.9
2014-11-01,63.4
2014-11-02,48.1
2014-11-03,48.7
2014-11-04,54.1
2014-11-05,51.1
2014-11-06,49.8
2014-11-07,60.7
2014-11-08,53
2014-11-09,48.7
2014-11-10,48
2014-11-11,54.5
2014-11-12,50.5
2014-11-13,47.6
2014-11-14,47.6
2014-11-15,44.4
2014-11-16,32.3
2014-11-17,34.7
2014-11-18,45.5
2014-11-19,32.3
2014-11-20,39.9
2014-11-21,47.5
2014-11-22,48.3
2014-11-23,47.9
2014-11-24,48
2014-11-25,44.6
2014-11-26,44
2014-11-27,47.9
2014-11-28,38
2014-11-29,33.9
2014-11-30,33.4
2014-12-01,33.7
2014-12-02,36.5
2014-12-03,46.6
2014-12-04,30.2
2014-12-05,33.4
2014-12-06,34.1
2014-12-07,32.7
2014-12-08,32.5
2014-12-09,32.3
2014-12-10,32.3
2014-12-11,31.8
2014-12-12,32.2
2014-12-13,32.2
2014-12-14,32.4
2014-12-15,32.4
2014-12-16,32.2
2014-12-17,33
2014-12-18,48.4
2014-12-19,30.7
2014-12-20,32.3
2014-12-21,33.2
2014-12-22,44.5
2014-12-23,47
2014-12-24,47.2
2014-12-25,45.6
2014-12-26,32.7
2014-12-27,32.5
2014-12-28,39.3
2014-12-29,46.2
2014-12-30,42.4
2014-12-31,37.3
2015-01-01,37.9
2015-01-02,36.2
2015-01-03,32.4
2015-01-04,32.2
2015-01-05,41.3
2015-01-06,45.2
2015-01-07,45.2
2015-01-08,37.9
2015-01-09,33.5
2015-01-10,35.9
2015-01-11,89.6
2015-01-12,177
2015-01-13,188
2015-01-14,132
2015-01-15,74
2015-01-16,50.8
2015-01-17,62.8
2015-01-18,56.9
2015-01-19,69.9
2015-01-20,71.7
2015-01-21,55.3
2015-01-22,62.4
2015-01-23,68.9
2015-01-24,73.4
2015-01-25,68.8
2015-01-26,105
2015-01-27,92.8
2015-01-28,88.9
2015-01-29,72.4
2015-01-30,51
2015-01-31,46.7
2015-02-01,55.4
2015-02-02,63
2015-02-03,56.3
2015-02-04,52.1
2015-02-05,49.7
2015-02-06,53.7
2015-02-07,53.9
2015-02-08,36.5
2015-02-09,55.2
2015-02-10,55.1
2015-02-11,49
2015-02-12,52.2
2015-02-13,59.4
2015-02-14,49.3
2015-02-15,48.7
2015-02-16,47.6
2015-02-17,56.6
2015-02-18,58.6
2015-02-19,58.7
2015-02-20,49.3
2015-02-21,55.1
2015-02-22,46.9
2015-02-23,57.2
2015-02-24,75.9
2015-02-25,108
2015-02-26,211
2015-02-27,208
2015-02-28,159
2015-03-01,109
2015-03-02,102
2015-03-03,105
2015-03-04,130
2015-03-05,128
2015-03-06,103
2015-03-07,98.2
2015-03-08,92.6
2015-03-09,83.6
2015-03-10,77.4
2015-03-11,83.1
2015-03-12,75
2015-03-13,120
2015-03-14,136
2015-03-15,130
2015-03-16,110
2015-03-17,136
2015-03-18,136
2015-03-19,132
2015-03-20,110
2015-03-21,97.6
2015-03-22,89.3
2015-03-23,89.3
2015-03-24,94.2
2015-03-25,92
2015-03-26,83.4
2015-03-27,141
2015-03-28,141
2015-03-29,135
2015-03-30,138
2015-03-31,107
2015-04-01,94.4
2015-04-02,78.9
2015-04-03,94.3
2015-04-04,125
2015-04-05,100
2015-04-06,96.2
2015-04-07,123
2015-04-08,127
2015-04-09,127
2015-04-10,141
2015-04-11,150
2015-04-12,147
2015-04-13,148
2015-04-14,111
2015-04-15,99.7
2015-04-16,85.8
2015-04-17,87.3
2015-04-18,87.2
2015-04-19,91.8
2015-04-20,82.2
2015-04-21,99.3
2015-04-22,89.3
2015-04-23,97.4
2015-04-24,98.7
2015-04-25,85.4
2015-04-26,66.5
2015-04-27,88.6
2015-04-28,88.4
2015-04-29,82.2
2015-04-30,71
2015-05-01,65.1
2015-05-02,84
2015-05-03,70.8
2015-05-04,65.4
2015-05-05,88
2015-05-06,70.8
2015-05-07,67.9
2015-05-08,88.5
2015-05-09,112
2015-05-10,124
2015-05-11,103
2015-05-12,128
2015-05-13,132
2015-05-14,125
2015-05-15,135
2015-05-16,126
2015-05-17,82.3
2015-05-18,70.8
2015-05-19,76.1
2015-05-20,86.8
2015-05-21,120
2015-05-22,254
2015-05-23,242
2015-05-24,228
2015-05-25,187
2015-05-26,155
2015-05-27,371
2015-05-28,461
2015-05-29,294
2015-05-30,190
2015-05-31,186
2015-06-01,184
2015-06-02,185
2015-06-03,151
2015-06-04,125
2015-06-05,111
2015-06-06,88.7
2015-06-07,69.2
2015-06-08,74.4
2015-06-09,69.2
2015-06-10,67.8
2015-06-11,73.8
2015-06-12,67.8
2015-06-13,53.4
2015-06-14,47.8
2015-06-15,47.3
2015-06-16,66.3
2015-06-17,86.5
2015-06-18,92.3
2015-06-19,85
2015-06-20,57
2015-06-21,49.1
2015-06-22,48
2015-06-23,47.7
2015-06-24,48.1
2015-06-25,50.5
2015-06-26,49.1
2015-06-27,48.7
2015-06-28,48.1
2015-06-29,46.8
2015-06-30,47.4
2015-07-01,39.7
2015-07-02,30.5
2015-07-03,33
2015-07-04,25.8
2015-07-05,24
2015-07-06,44.5
2015-07-07,49.8
2015-07-08,37.4
2015-07-09,35.1
2015-07-10,42.2
2015-07-11,60.6
2015-07-12,47.7
2015-07-13,42.9
2015-07-14,38.2
2015-07-15,33.7
2015-07-16,33.7
2015-07-17,33.3
2015-07-18,25.8
2015-07-19,22.9
2015-07-20,24.4
2015-07-21,44.9
2015-07-22,37.8
2015-07-23,33.1
2015-07-24,32.6
2015-07-25,33.1
2015-07-26,32.5
2015-07-27,32.5
2015-07-28,24.5
2015-07-29,35
2015-07-30,32.5
2015-07-31,32.5
2015-08-01,32.5
2015-08-02,32.5
2015-08-03,32.5
2015-08-04,32.5
2015-08-05,27.5
2015-08-06,32.5
2015-08-07,32.5
2015-08-08,32.5
2015-08-09,32.5
2015-08-10,32.5
2015-08-11,32.5
2015-08-12,32.5
2015-08-13,32.5
2015-08-14,32.5
2015-08-15,32.5
2015-08-16,22.5
2015-08-17,22.5
2015-08-18,26.5
2015-08-19,26.5
2015-08-20,22.5
2015-08-21,22.5
2015-08-22,22.5
2015-08-23,22.5
2015-08-24,22.5
2015-08-25,22.5
2015-08-26,22.5
2015-08-27,22.5
2015-08-28,22.3
2015-08-29,22.2
2015-08-30,22.3
2015-08-31,22.3
2015-09-01,22.2
2015-09-02,22.2
2015-09-03,22.5
2015-09-04,23.1
2015-09-05,22.5
2015-09-06,22.5
2015-09-07,22.7
2015-09-08,22.5
2015-09-09,22.4
2015-09-10,22.6
2015-09-11,21.8
2015-09-12,21.8
2015-09-13,22.7
2015-09-14,21.8
2015-09-15,21.3
2015-09-16,21.4
2015-09-17,21.3
2015-09-18,21.3
2015-09-19,21.7
2015-09-20,22.1
2015-09-21,21.7
2015-09-22,21.6
2015-09-23,21.6
2015-09-24,21.8
2015-09-25,26.8
2015-09-26,56.4
2015-09-27,72.5
2015-09-28,36.8
2015-09-29,31.8
2015-09-30,28.1
2015-10-01,23.8
2015-10-02,40.4
2015-10-03,41.2
2015-10-04,32.1
2015-10-05,32.3
2015-10-06,45.2
2015-10-07,36.3
2015-10-08,29.7
2015-10-09,42.1
2015-10-10,49.5
2015-10-11,36.2
2015-10-12,33
2015-10-13,32.3
2015-10-14,35.9
2015-10-15,48.1
2015-10-16,36.9
2015-10-17,35
2015-10-18,49.7
2015-10-19,48.7
2015-10-20,49.5
2015-10-21,50.4
2015-10-22,73.6
2015-10-23,70.4
2015-10-24,67.9
2015-10-25,67
2015-10-26,54.2
2015-10-27,50
2015-10-28,49.2
2015-10-29,48.7
2015-10-30,47.9
2015-10-31,48.5
2015-11-01,35.5
2015-11-02,37.3
2015-11-03,47.7
2015-11-04,41.6
2015-11-05,31.9
2015-11-06,32.3
2015-11-07,40.2
2015-11-08,35.9
2015-11-09,32.1
2015-11-10,44.8
2015-11-11,46.9
2015-11-12,31.7
2015-11-13,32
2015-11-14,32.2
2015-11-15,32.1
2015-11-16,32.4
2015-11-17,47.7
2015-11-18,50.3
2015-11-19,49.5
2015-11-20,61.5
2015-11-21,102
2015-11-22,97.1
2015-11-23,112
2015-11-24,147
2015-11-25,109
2015-11-26,80.7
2015-11-27,54.1
2015-11-28,56.5
2015-11-29,53.7
2015-11-30,71.2
2015-12-01,90.6
2015-12-02,81.6
2015-12-03,95.2
2015-12-04,122
2015-12-05,124
2015-12-06,70.5
2015-12-07,79.5
2015-12-08,95.3
2015-12-09,72.8
2015-12-10,68.5
2015-12-11,88.6
2015-12-12,66.7
2015-12-13,52.8
2015-12-14,78.5
2015-12-15,70.6
2015-12-16,87.7
2015-12-17,70.7
2015-12-18,76.3
2015-12-19,68.8
2015-12-20,35.1
2015-12-21,42.4
2015-12-22,50.6
2015-12-23,49.6
2015-12-24,48.7
2015-12-25,30.5
2015-12-26,22.5
2015-12-27,22.5
2015-12-28,54.2
2015-12-29,63.4
2015-12-30,40.6
2015-12-31,34.1
2016-01-01,33.6
2016-01-02,33.4
2016-01-03,25.8
2016-01-04,27.4
2016-01-05,26.2
2016-01-06,24.5
2016-01-07,24.1
2016-01-08,21.4
2016-01-09,20.4
2016-01-10,20.5
2016-01-11,21.2
2016-01-12,21.9
2016-01-13,21.8
2016-01-14,22.4
2016-01-15,27.5
2016-01-16,21.8
2016-01-17,21.6
2016-01-18,21.8
2016-01-19,21.7
2016-01-20,21.1
2016-01-21,24.1
2016-01-22,29.5
2016-01-23,29.5
2016-01-24,29.3
2016-01-25,26.7
2016-01-26,35.6
2016-01-27,49.7
2016-01-28,53.5
2016-01-29,91.2
2016-01-30,51.9
2016-01-31,36.3
2016-02-01,40.1
2016-02-02,49.7
2016-02-03,45.1
2016-02-04,30.4
2016-02-05,45.7
2016-02-06,33
2016-02-07,22.1
2016-02-08,30
2016-02-09,29.8
2016-02-10,43.3
2016-02-11,41.3
2016-02-12,57.8
2016-02-13,34.7
2016-02-14,26.2
2016-02-15,54.5
2016-02-16,144
2016-02-17,174
2016-02-18,122
2016-02-19,146
2016-02-20,184
2016-02-21,203
2016-02-22,165
2016-02-23,180
2016-02-24,139
2016-02-25,140
2016-02-26,141
2016-02-27,101
2016-02-28,58.6
2016-02-29,49.7
2016-03-01,107
2016-03-02,134
2016-03-03,149
2016-03-04,173
2016-03-05,111
2016-03-06,35.4
2016-03-07,88.9
2016-03-08,103
2016-03-09,67.8
2016-03-10,67.7
2016-03-11,67.2
2016-03-12,57
2016-03-13,32.6
2016-03-14,52.6
2016-03-15,66.9
2016-03-16,75.1
2016-03-17,63.4
2016-03-18,63.2
2016-03-19,56
2016-03-20,23.1
2016-03-21,47.5
2016-03-22,61.9
2016-03-23,74.6
2016-03-24,59.1
2016-03-25,58.2
2016-03-26,28.6
2016-03-27,28.1
2016-03-28,32.2
2016-03-29,40.9
2016-03-30,63.6
2016-03-31,48.7
2016-04-01,49.4
2016-04-02,59.8
2016-04-03,25.2
2016-04-04,43.8
2016-04-05,48.7
2016-04-06,48.4
2016-04-07,47.7
2016-04-08,47.4
2016-04-09,51.4
2016-04-10,31.9
2016-04-11,47
2016-04-12,60.6
2016-04-13,61.8
2016-04-14,62.1
2016-04-15,124
2016-04-16,131
2016-04-17,102
2016-04-18,98.5
2016-04-19,102
2016-04-20,67.1
2016-04-21,64
2016-04-22,61.9
2016-04-23,67.9
2016-04-24,32.5
2016-04-25,46
2016-04-26,62.7
2016-04-27,63.7
2016-04-28,64.7
2016-04-29,96.5
2016-04-30,112
2016-05-01,97.9
2016-05-02,96.6
2016-05-03,58.3
2016-05-04,79.1
2016-05-05,80.3
2016-05-06,81
2016-05-07,81.7
2016-05-08,32.2
2016-05-09,69.6
2016-05-10,99.8
2016-05-11,94.9
2016-05-12,62.2
2016-05-13,76.6
2016-05-14,91.5
2016-05-15,231
2016-05-16,193
2016-05-17,133
2016-05-18,121
2016-05-19,160
2016-05-20,137
2016-05-21,116
2016-05-22,67.6
2016-05-23,56.7
2016-05-24,78
2016-05-25,70.3
2016-05-26,41.4
2016-05-27,64.1
2016-05-28,71.4
2016-05-29,50
2016-05-30,73.3
2016-05-31,89.3
2016-06-01,84.4
2016-06-02,52.6
2016-06-03,93.8
2016-06-04,84.9
2016-06-05,40
2016-06-06,62.7
2016-06-07,58.8
2016-06-08,48.1
2016-06-09,46.9
2016-06-10,39.1
2016-06-11,57.1
2016-06-12,32.1
2016-06-13,59.1
2016-06-14,43.7
2016-06-15,29.8
2016-06-16,42.5
2016-06-17,45.7
2016-06-18,51.2
2016-06-19,33.4
2016-06-20,32.1
2016-06-21,45.5
2016-06-22,44.7
2016-06-23,45.6
2016-06-24,57.5
2016-06-25,56.5
2016-06-26,35.2
2016-06-27,43.3
2016-06-28,38.3
2016-06-29,29.4
2016-06-30,34.7
2016-07-01,47.1
2016-07-02,28.6
2016-07-03,29.9
2016-07-04,36.8
2016-07-05,61.2
2016-07-06,52
2016-07-07,28
2016-07-08,39.7
2016-07-09,28
2016-07-10,21.2
2016-07-11,25.7
2016-07-12,21.1
2016-07-13,21
2016-07-14,32.8
2016-07-15,51.6
2016-07-16,62.7
2016-07-17,64
2016-07-18,362
2016-07-19,355
2016-07-20,247
2016-07-21,129
2016-07-22,128
2016-07-23,137
2016-07-24,61.1
2016-07-25,68.2
2016-07-26,93.9
2016-07-27,114
2016-07-28,105
2016-07-29,179
2016-07-30,268
2016-07-31,128
2016-08-01,164
2016-08-02,152
2016-08-03,111
2016-08-04,92.5
2016-08-05,96.2
2016-08-06,86.1
2016-08-07,34.4
2016-08-08,50.7
2016-08-09,36.5
2016-08-10,51.8
2016-08-11,112
2016-08-12,155
2016-08-13,183
2016-08-14,70.3
2016-08-15,61.1
2016-08-16,84.6
2016-08-17,70.4
2016-08-18,68.2
2016-08-19,76.9
2016-08-20,63.9
2016-08-21,33.1
2016-08-22,57.2
2016-08-23,94.6
2016-08-24,79.3
2016-08-25,92.6
2016-08-26,76.3
2016-08-27,49.3
2016-08-28,31.4
2016-08-29,35.5
2016-08-30,49.4
2016-08-31,56.7
2016-09-01,54.2
2016-09-02,65.2
2016-09-03,46.5
2016-09-04,30.8
2016-09-05,47.2
2016-09-06,132
2016-09-07,266
2016-09-08,159
2016-09-09,82.5
2016-09-10,47.1
2016-09-11,23.5
2016-09-12,35.6
2016-09-13,41.5
2016-09-14,27.8
2016-09-15,22.6
2016-09-16,36.6
2016-09-17,34.4
2016-09-18,23
2016-09-19,24.4
2016-09-20,29.4
2016-09-21,46.5
2016-09-22,30.6
2016-09-23,36.5
2016-09-24,22.3
2016-09-25,25.7
2016-09-26,43
2016-09-27,31.4
2016-09-28,43.3
2016-09-29,32.9
2016-09-30,30.3
2016-10-01,44.7
2016-10-02,25.9
2016-10-03,46.5
2016-10-04,148
2016-10-05,399
2016-10-06,340
2016-10-07,213
2016-10-08,157
2016-10-09,201
2016-10-10,148
2016-10-11,137
2016-10-12,144
2016-10-13,183
2016-10-14,172
2016-10-15,156
2016-10-16,116
2016-10-17,104
2016-10-18,134
2016-10-19,142
2016-10-20,155
2016-10-21,154
2016-10-22,141
2016-10-23,141
2016-10-24,87.3
2016-10-25,102
2016-10-26,105
2016-10-27,107
2016-10-28,113
2016-10-29,81.5
2016-10-30,64.4
2016-10-31,90.7
2016-11-01,63.9
2016-11-02,73.7
2016-11-03,80.3
2016-11-04,76.4
2016-11-05,60.1
2016-11-06,27.9
2016-11-07,51
2016-11-08,127
2016-11-09,154
2016-11-10,153
2016-11-11,113
2016-11-12,94.6
2016-11-13,84.8
2016-11-14,69
2016-11-15,92.9
2016-11-16,99.6
2016-11-17,95.7
2016-11-18,92.5
2016-11-19,92.1
2016-11-20,69.8
2016-11-21,75.1
2016-11-22,98.3
2016-11-23,82.9
2016-11-24,100
2016-11-25,86.4
2016-11-26,88.3
2016-11-27,40.8
2016-11-28,61
2016-11-29,91.6
2016-11-30,61.5
2016-12-01,61.7
2016-12-02,94.1
2016-12-03,139
2016-12-04,68.7
2016-12-05,61.5
2016-12-06,49.5
2016-12-07,65.1
2016-12-08,60.6
2016-12-09,105
2016-12-10,105
2016-12-11,93.4
2016-12-12,102
2016-12-13,145
2016-12-14,135
2016-12-15,117
2016-12-16,122
2016-12-17,105
2016-12-18,49.9
2016-12-19,67
2016-12-20,68.5
2016-12-21,67.4
2016-12-22,64.8
2016-12-23,73.9
2016-12-24,54.8
2016-12-25,25.7
2016-12-26,37.4
2016-12-27,126
2016-12-28,133
2016-12-29,155
2016-12-30,85.6
2016-12-31,70
2017-01-01,36
2017-01-02,37.5
2017-01-03,52.1
2017-01-04,54.4
2017-01-05,66.9
2017-01-06,63.4
2017-01-07,45.5
2017-01-08,39.9
2017-01-09,31.6
2017-01-10,39.8
2017-01-11,37.3
2017-01-12,29.6
2017-01-13,29.4
2017-01-14,29.2
2017-01-15,30.1
2017-01-16,58.7
2017-01-17,45.8
2017-01-18,41.6
2017-01-19,36.4
2017-01-20,52.9
2017-01-21,48.3
2017-01-22,27
2017-01-23,45.7
2017-01-24,56.1
2017-01-25,52.6
2017-01-26,40
2017-01-27,49.4
2017-01-28,44
2017-01-29,24.6
2017-01-30,23.9
2017-01-31,40.1
2017-02-01,42.9
2017-02-02,31.5
2017-02-03,38.4
2017-02-04,69.3
2017-02-05,33.4
2017-02-06,41.5
2017-02-07,41.3
2017-02-08,43.8
2017-02-09,46.8
2017-02-10,50.2
2017-02-11,32.2
2017-02-12,26.6
2017-02-13,44.3
2017-02-14,47.5
2017-02-15,36.4
2017-02-16,37
2017-02-17,30.6
2017-02-18,44
2017-02-19,31.7
2017-02-20,32.5
2017-02-21,51.4
2017-02-22,90.7
2017-02-23,91.4
2017-02-24,168
2017-02-25,170
2017-02-26,116
2017-02-27,148
2017-02-28,137
2017-03-01,136
2017-03-02,147
2017-03-03,152
2017-03-04,133
2017-03-05,46.2
2017-03-06,104
2017-03-07,144
2017-03-08,156
2017-03-09,162
2017-03-10,153
2017-03-11,87.1
2017-03-12,44.6
2017-03-13,54.6
2017-03-14,96.9
2017-03-15,59.6
2017-03-16,53
2017-03-17,67.9
2017-03-18,76.6
2017-03-19,47.8
2017-03-20,61.5
2017-03-21,104
2017-03-22,107
2017-03-23,133
2017-03-24,124
2017-03-25,118
2017-03-26,49.2
2017-03-27,109
2017-03-28,122
2017-03-29,125
2017-03-30,81.3
2017-03-31,33.6
2017-04-01,77.5
2017-04-02,36.5
2017-04-03,68.5
2017-04-04,91.1
2017-04-05,70.1
2017-04-06,75.2
2017-04-07,130
2017-04-08,194
2017-04-09,209
2017-04-10,197
2017-04-11,150
2017-04-12,126
2017-04-13,105
2017-04-14,114
2017-04-15,106
2017-04-16,35.5
2017-04-17,37.8
2017-04-18,95.3
2017-04-19,140
2017-04-20,148
2017-04-21,173
2017-04-22,187
2017-04-23,108
2017-04-24,103
2017-04-25,138
2017-04-26,144
2017-04-27,254
2017-04-28,209
2017-04-29,371
2017-04-30,288
2017-05-01,258
2017-05-02,167
2017-05-03,51.2
2017-05-04,145
2017-05-05,262
2017-05-06,258
2017-05-07,268
2017-05-08,263
2017-05-09,260
2017-05-10,201
2017-05-11,198
2017-05-12,149
2017-05-13,114
2017-05-14,74.2
2017-05-15,125
2017-05-16,142
2017-05-17,136
2017-05-18,125
2017-05-19,155
2017-05-20,134
2017-05-21,43.1
2017-05-22,86.2
2017-05-23,80.2
2017-05-24,100
2017-05-25,123
2017-05-26,103
2017-05-27,96.5
2017-05-28,66
2017-05-29,70
2017-05-30,69.3
2017-05-31,55.7
2017-06-01,93
2017-06-02,122
2017-06-03,103
2017-06-04,59
2017-06-05,85.7
2017-06-06,70.3
2017-06-07,64.1
2017-06-08,63.3
2017-06-09,65.7
2017-06-10,57
2017-06-11,33.9
2017-06-12,76.1
2017-06-13,67.4
2017-06-14,68.4
2017-06-15,57.7
2017-06-16,50
2017-06-17,66.5
2017-06-18,51.2
2017-06-19,68.1
2017-06-20,101
2017-06-21,59.7
2017-06-22,109
2017-06-23,68.5
2017-06-24,58.9
2017-06-25,43.9
2017-06-26,48
2017-06-27,81.1
2017-06-28,64.2
2017-06-29,55.3
2017-06-30,54.6
2017-07-01,53.3
2017-07-02,33.6
2017-07-03,78.3
2017-07-04,72.5
2017-07-05,75.9
2017-07-06,48.2
2017-07-07,47.9
2017-07-08,45
2017-07-09,33.1
2017-07-10,61.5
2017-07-11,65.4
2017-07-12,57.8
2017-07-13,62.6
2017-07-14,68.1
2017-07-15,60.1
2017-07-16,36.6
2017-07-17,65.3
2017-07-18,67
2017-07-19,50.8
2017-07-20,45.1
2017-07-21,49.9
2017-07-22,32.8
2017-07-23,22.5
2017-07-24,54.4
2017-07-25,58.4
2017-07-26,45.4
2017-07-27,38.8
2017-07-28,53.7
2017-07-29,42.9
2017-07-30,30.2
2017-07-31,29.5
2017-08-01,28.4
2017-08-02,25.8
2017-08-03,21.6
2017-08-04,48.1
2017-08-05,41.5
2017-08-06,23.2
2017-08-07,22
2017-08-08,40.2
2017-08-09,32.3
2017-08-10,30.1
2017-08-11,30.5
2017-08-12,29.4
2017-08-13,24.5
2017-08-14,24.3
2017-08-15,23.4
2017-08-16,26.8
2017-08-17,22.6
2017-08-18,21.8
2017-08-19,20.8
2017-08-20,95.5
2017-08-21,246
2017-08-22,92.9
2017-08-23,83.7
2017-08-24,38.2
2017-08-25,43.1
2017-08-26,35.9
2017-08-27,26.9
2017-08-28,41.4
2017-08-29,39
2017-08-30,60.1
2017-08-31,56.3
2017-09-01,27.6
2017-09-02,27.5
2017-09-03,21.5
2017-09-04,29.7
2017-09-05,56.7
2017-09-06,36.8
2017-09-07,40.3
2017-09-08,93.4
2017-09-09,53
2017-09-10,36.9
2017-09-11,52.5
2017-09-12,42.4
2017-09-13,67.4
2017-09-14,110
2017-09-15,103
2017-09-16,94.8
2017-09-17,95
2017-09-18,81.6
2017-09-19,110
2017-09-20,119
2017-09-21,318
2017-09-22,750
2017-09-23,573
2017-09-24,450
2017-09-25,224
2017-09-26,205
2017-09-27,165
2017-09-28,155
2017-09-29,125
2017-09-30,97.6
2017-10-01,43.7
2017-10-02,92.6
2017-10-03,78.1
2017-10-04,98.4
2017-10-05,87.6
2017-10-06,80.9
2017-10-07,48.2
2017-10-08,41.9
2017-10-09,70.2
2017-10-10,89.9
2017-10-11,68.8
2017-10-12,80.2
2017-10-13,51.9
2017-10-14,61.7
2017-10-15,30.4
2017-10-16,46.7
2017-10-17,51.6
2017-10-18,50.5
2017-10-19,43.4
2017-10-20,55.4
2017-10-21,34.3
2017-10-22,33.5
2017-10-23,79.3
2017-10-24,195
2017-10-25,151
2017-10-26,129
2017-10-27,143
2017-10-28,164
2017-10-29,194
2017-10-30,270
2017-10-31,244
2017-11-01,198
2017-11-02,170
2017-11-03,164
2017-11-04,169
2017-11-05,129
2017-11-06,96.8
2017-11-07,127
2017-11-08,134
2017-11-09,135
2017-11-10,137
2017-11-11,137
2017-11-12,73
2017-11-13,68.4
2017-11-14,75.8
2017-11-15,89.3
2017-11-16,94.5
2017-11-17,88.8
2017-11-18,103
2017-11-19,80.3
2017-11-20,101
2017-11-21,86.1
2017-11-22,101
2017-11-23,115
2017-11-24,104
2017-11-25,104
2017-11-26,98.9
2017-11-27,85.6
2017-11-28,136
2017-11-29,146
2017-11-30,109
2017-12-01,103
2017-12-02,80.9
2017-12-03,85.1
2017-12-04,90.1
2017-12-05,104
2017-12-06,91.1
2017-12-07,97.5
2017-12-08,107
2017-12-09,106
2017-12-10,80.7
2017-12-11,63.2
2017-12-12,87.4
2017-12-13,75
2017-12-14,79.9
2017-12-15,84.8
2017-12-16,114
2017-12-17,74.9
2017-12-18,108
2017-12-19,107
2017-12-20,75.1
2017-12-21,63.5
2017-12-22,77.2
2017-12-23,90.3
2017-12-24,58.3
2017-12-25,91.2
2017-12-26,106
2017-12-27,122
2017-12-28,127
2017-12-29,111
2017-12-30,102
2017-12-31,85.4
2018-01-01,52.8
2018-01-02,109
2018-01-03,115
2018-01-04,115
2018-01-05,127
2018-01-06,109
2018-01-07,77.6
2018-01-08,97.3
2018-01-09,66.5
2018-01-10,53.4
2018-01-11,122
2018-01-12,107
2018-01-13,52.9
2018-01-14,38
2018-01-15,73
2018-01-16,40.9
2018-01-17,96.5
2018-01-18,70.7
2018-01-19,84.9
2018-01-20,60
2018-01-21,23.6
2018-01-22,79.6
2018-01-23,65.1
2018-01-24,45.3
2018-01-25,36.3
2018-01-26,92.7
2018-01-27,84.4
2018-01-28,37
2018-01-29,31.6
2018-01-30,26
2018-01-31,41.8
2018-02-01,68.3
2018-02-02,97.1
2018-02-03,35.1
2018-02-04,31.8
2018-02-05,55.8
2018-02-06,47
2018-02-07,52.3
2018-02-08,61.8
2018-02-09,62
2018-02-10,47
2018-02-11,32.8
2018-02-12,29.7
2018-02-13,46
2018-02-14,52.5
2018-02-15,60.5
2018-02-16,32.8
2018-02-17,24.9
2018-02-18,22.2
2018-02-19,25.5
2018-02-20,29.8
2018-02-21,29.8
2018-02-22,30.4
2018-02-23,55.6
2018-02-24,28.6
2018-02-25,28.6
2018-02-26,30.6
2018-02-27,33.2
2018-02-28,31.9
2018-03-01,63.3
2018-03-02,38.5
2018-03-03,23.6
2018-03-04,22.7
2018-03-05,32.8
2018-03-06,85.1
2018-03-07,103
2018-03-08,59.1
2018-03-09,58.9
2018-03-10,72.8
2018-03-11,50.7
2018-03-12,71.4
2018-03-13,138
2018-03-14,190
2018-03-15,158
2018-03-16,117
2018-03-17,95.3
2018-03-18,62.9
2018-03-19,112
2018-03-20,111
2018-03-21,83.5
2018-03-22,60.5
2018-03-23,82.9
2018-03-24,72.7
2018-03-25,53.9
2018-03-26,84.5
2018-03-27,101
2018-03-28,78.3
2018-03-29,34.5
2018-03-30,43.9
2018-03-31,50.8
2018-04-01,30.4
2018-04-02,112
2018-04-03,157
2018-04-04,98.3
2018-04-05,113
2018-04-06,80.7
2018-04-07,118
2018-04-08,67.9
2018-04-09,124
2018-04-10,131
2018-04-11,118
2018-04-12,121
2018-04-13,99.1
2018-04-14,50.8
2018-04-15,51.1
2018-04-16,80.6
2018-04-17,96.8
2018-04-18,37.4
2018-04-19,63.5
2018-04-20,68.1
2018-04-21,72.7
2018-04-22,53.1
2018-04-23,73.4
2018-04-24,61.6
2018-04-25,54.1
2018-04-26,113
2018-04-27,103
2018-04-28,65.2
2018-04-29,81.4
2018-04-30,63.6
2018-05-01,36.7
2018-05-02,71
2018-05-03,60.1
2018-05-04,47.1
2018-05-05,56.1
2018-05-06,66.9
2018-05-07,75.9
2018-05-08,80.6
2018-05-09,99.7
2018-05-10,89.4
2018-05-11,89.5
2018-05-12,77.9
2018-05-13,72.2
2018-05-14,48.6
2018-05-15,63.2
2018-05-16,54.6
2018-05-17,44.7
2018-05-18,48.5
2018-05-19,45.9
2018-05-20,60.6
2018-05-21,52.9
2018-05-22,52.9
2018-05-23,62
2018-05-24,64.3
2018-05-25,65
2018-05-26,80.8
2018-05-27,61.9
2018-05-28,69.8
2018-05-29,77.7
2018-05-30,60.9
2018-05-31,38.5
2018-06-01,45.9
2018-06-02,43.4
2018-06-03,39.4
2018-06-04,47.7
2018-06-05,55.7
2018-06-06,52.9
2018-06-07,34.3
2018-06-08,76.8
2018-06-09,50.1
2018-06-10,28.1
2018-06-11,40
2018-06-12,42.3
2018-06-13,50.9
2018-06-14,61.2
2018-06-15,61.1
2018-06-16,82.1
2018-06-17,49.9
2018-06-18,69.5
2018-06-19,57.4
2018-06-20,48.6
2018-06-21,62.3
2018-06-22,36.6
2018-06-23,31.2
2018-06-24,56.3
2018-06-25,75.8
2018-06-26,104
2018-06-27,56.6
2018-06-28,114
2018-06-29,244
2018-06-30,171
2018-07-01,65.5
2018-07-02,65.6
2018-07-03,78.4
2018-07-04,60.7
2018-07-05,53.6
2018-07-06,44.5
2018-07-07,45.5
2018-07-08,53.4
2018-07-09,65.9
2018-07-10,57.1
2018-07-11,33.8
2018-07-12,81.3
2018-07-13,52.5
2018-07-14,37.9
2018-07-15,29
2018-07-16,72.1
2018-07-17,46.9
2018-07-18,140
2018-07-19,1030
2018-07-20,1000
2018-07-21,701
2018-07-22,417
2018-07-23,305
2018-07-24,191
2018-07-25,201
2018-07-26,131
2018-07-27,103
2018-07-28,87.1
2018-07-29,94.1
2018-07-30,91.1
2018-07-31,110
2018-08-01,101
2018-08-02,96.2
2018-08-03,70.2
2018-08-04,80.6
2018-08-05,52.2
2018-08-06,84.5
2018-08-07,64.1
2018-08-08,74.4
2018-08-09,70.9
2018-08-10,72.2
2018-08-11,53.7
2018-08-12,77
2018-08-13,98.3
2018-08-14,60.9
2018-08-15,97.8
2018-08-16,118
2018-08-17,101
2018-08-18,81.9
2018-08-19,49.7
2018-08-20,31.7
2018-08-21,42.7
2018-08-22,85.6
2018-08-23,65.8
2018-08-24,45.8
2018-08-25,25.1
2018-08-26,43.6
2018-08-27,44.7
2018-08-28,46.4
2018-08-29,48.8
2018-08-30,32.6
2018-08-31,35.4
2018-09-01,42
2018-09-02,31.8
2018-09-03,46.1
2018-09-04,40
2018-09-05,46.9
2018-09-06,39.5
2018-09-07,32.3
2018-09-08,32.5
2018-09-09,24
2018-09-10,22.9
2018-09-11,42.5
2018-09-12,48.7
2018-09-13,45.7
2018-09-14,40.4
2018-09-15,41.3
2018-09-16,22.9
2018-09-17,22.9
2018-09-18,32
2018-09-19,39.5
2018-09-20,42.5
2018-09-21,37
2018-09-22,23.8
2018-09-23,22.6
2018-09-24,22.3
2018-09-25,22.2
2018-09-26,22.2
2018-09-27,22.1
2018-09-28,22
2018-09-29,21.1
2018-09-30,22.9
2018-10-01,49.4
2018-10-02,34.1
2018-10-03,22.8
2018-10-04,29.1
2018-10-05,37.3
2018-10-06,30.1
2018-10-07,30.2
2018-10-08,30.3
2018-10-09,33
2018-10-10,54.5
2018-10-11,33.8
2018-10-12,22.2
2018-10-13,21.6
2018-10-14,21.5
2018-10-15,21.5
2018-10-16,38.4
2018-10-17,49.5
2018-10-18,46
2018-10-19,49.2
2018-10-20,39.3
2018-10-21,22.6
2018-10-22,33.1
2018-10-23,31.7
2018-10-24,23.5
2018-10-25,23.2
2018-10-26,27.7
2018-10-27,30.5
2018-10-28,36.5
2018-10-29,31.6
2018-10-30,41
2018-10-31,30.9
2018-11-01,30.5
2018-11-02,30.9
2018-11-03,41.4
2018-11-04,37.3
2018-11-05,22.7
2018-11-06,24.3
2018-11-07,22.6
2018-11-08,26.8
2018-11-09,47.3
2018-11-10,43.3
2018-11-11,30
2018-11-12,21.8
2018-11-13,21.5
2018-11-14,21.7
2018-11-15,22
2018-11-16,22.5
2018-11-17,28.5
2018-11-18,25.9
2018-11-19,22.4
2018-11-20,22.1
2018-11-21,22.1
2018-11-22,22
2018-11-23,22.6
2018-11-24,22.4
2018-11-25,22.1
2018-11-26,22.4
2018-11-27,22.4
2018-11-28,23.7
2018-11-29,33.4
2018-11-30,22.5
2018-12-01,22.4
2018-12-02,22.3
2018-12-03,22.1
2018-12-04,22.1
2018-12-05,22.1
2018-12-06,22
2018-12-07,21.7
2018-12-08,22.1
2018-12-09,22.1
2018-12-10,22.5
2018-12-11,22.6
2018-12-12,22.2
2018-12-13,22
2018-12-14,27.5
2018-12-15,32.3
2018-12-16,22.6
2018-12-17,21.9
2018-12-18,21.9
2018-12-19,22.7
2018-12-20,22.3
2018-12-21,27.4
2018-12-22,22.2
2018-12-23,26
2018-12-24,38
2018-12-25,42.6
2018-12-26,31.7
2018-12-27,34.5
2018-12-28,59.8
2018-12-29,57.9
2018-12-30,31.9
2018-12-31,51.8
2019-01-01,47.3
2019-01-02,35.7
2019-01-03,52.7
2019-01-04,52.7
2019-01-05,42.7
2019-01-06,31.9
2019-01-07,63.7
2019-01-08,67.5
2019-01-09,72.6
2019-01-10,55
2019-01-11,56.8
2019-01-12,47.3
2019-01-13,32.1
2019-01-14,52.7
2019-01-15,68.4
2019-01-16,71.9
2019-01-17,80.3
2019-01-18,53.8
2019-01-19,47.5
2019-01-20,50.9
2019-01-21,61.1
2019-01-22,66
2019-01-23,46.5
2019-01-24,34.4
2019-01-25,43.1
2019-01-26,52.2
2019-01-27,30.3
2019-01-28,43.9
2019-01-29,65.2
2019-01-30,51.6
2019-01-31,63.6
2019-02-01,73.9
2019-02-02,42.7
2019-02-03,39.1
2019-02-04,101
2019-02-05,116
2019-02-06,83.4
2019-02-07,99
2019-02-08,98
2019-02-09,52.1
2019-02-10,40.5
2019-02-11,53.8
2019-02-12,37
2019-02-13,55.7
2019-02-14,69.3
2019-02-15,74.2
2019-02-16,61.1
2019-02-17,48.7
2019-02-18,46.4
2019-02-19,59.1
2019-02-20,70.8
2019-02-21,96.1
2019-02-22,111
2019-02-23,102
2019-02-24,87.6
2019-02-25,105
2019-02-26,47.9
2019-02-27,40.9
2019-02-28,53.1
2019-03-01,101
2019-03-02,110
2019-03-03,126
2019-03-04,90.5
2019-03-05,84.4
2019-03-06,68.5
2019-03-07,119
2019-03-08,107
2019-03-09,112
2019-03-10,100
2019-03-11,122
2019-03-12,125
2019-03-13,125
2019-03-14,114
2019-03-15,101
2019-03-16,65.8
2019-03-17,68
2019-03-18,70.8
2019-03-19,92.9
2019-03-20,84.2
2019-03-21,92
2019-03-22,112
2019-03-23,74.7
2019-03-24,48.5
2019-03-25,76.8
2019-03-26,89.4
2019-03-27,99.2
2019-03-28,92.9
2019-03-29,102
2019-03-30,66
2019-03-31,63.9
2019-04-01,83.8
2019-04-02,63
2019-04-03,54.4
2019-04-04,67
2019-04-05,58
2019-04-06,63.7
2019-04-07,55.9
2019-04-08,58.1
2019-04-09,70.8
2019-04-10,86.2
2019-04-11,50.6
2019-04-12,89.4
2019-04-13,50.7
2019-04-14,45.5
2019-04-15,82.7
2019-04-16,67.9
2019-04-17,65.6
2019-04-18,81.7
2019-04-19,71.8
2019-04-20,45.9
2019-04-21,29.9
2019-04-22,30.9
2019-04-23,46.3
2019-04-24,51.8
2019-04-25,75.6
2019-04-26,113
2019-04-27,57.4
2019-04-28,82.3
2019-04-29,282
2019-04-30,278
2019-05-01,206
2019-05-02,168
2019-05-03,248
2019-05-04,190
2019-05-05,182
2019-05-06,213
2019-05-07,195
2019-05-08,129
2019-05-09,74.3
2019-05-10,109
2019-05-11,94.9
2019-05-12,91.3
2019-05-13,93.6
2019-05-14,112
2019-05-15,195
2019-05-16,284
2019-05-17,269
2019-05-18,211
2019-05-19,186
2019-05-20,145
2019-05-21,124
2019-05-22,291
2019-05-23,673
2019-05-24,793
2019-05-25,589
2019-05-26,331
2019-05-27,287
2019-05-28,248
2019-05-29,165
2019-05-30,146
2019-05-31,216
2019-06-01,257
2019-06-02,216
2019-06-03,159
2019-06-04,144
2019-06-05,142
2019-06-06,139
2019-06-07,137
2019-06-08,121
2019-06-09,97.3
2019-06-10,85.3
2019-06-11,91.8
2019-06-12,92.5
2019-06-13,69.1
2019-06-14,106
2019-06-15,89.2
2019-06-16,65
2019-06-17,68.2
2019-06-18,88.2
2019-06-19,87
2019-06-20,106
2019-06-21,104
2019-06-22,76.3
2019-06-23,68.8
2019-06-24,88.6
2019-06-25,76.8
2019-06-26,101
2019-06-27,69.9
2019-06-28,51.3
2019-06-29,53.4
2019-06-30,43.5
2019-07-01,57.3
2019-07-02,66.6
2019-07-03,55.3
2019-07-04,42.5
2019-07-05,63.5
2019-07-06,44.4
2019-07-07,33.1
2019-07-08,44.7
2019-07-09,33.1
2019-07-10,35.4
2019-07-11,36.4
2019-07-12,44.1
2019-07-13,33.4
2019-07-14,33.2
2019-07-15,33.1
2019-07-16,32.8
2019-07-17,33.4
2019-07-18,40
2019-07-19,50.4
2019-07-20,36.7
2019-07-21,37.4
2019-07-22,39.2
2019-07-23,44.5
2019-07-24,57.7
2019-07-25,57
2019-07-26,50.6
2019-07-27,36.5
2019-07-28,32.7
2019-07-29,33.6
2019-07-30,33
2019-07-31,39.6
2019-08-01,36.2
2019-08-02,43
2019-08-03,45.9
2019-08-04,33.1
2019-08-05,32.8
2019-08-06,34.5
2019-08-07,33.5
2019-08-08,34.2
2019-08-09,32.9
2019-08-10,32.9
2019-08-11,34.3
2019-08-12,57.6
2019-08-13,72.1
2019-08-14,95.2
2019-08-15,118
2019-08-16,103
2019-08-17,118
2019-08-18,66.9
2019-08-19,62.5
2019-08-20,43.7
2019-08-21,46.3
2019-08-22,44.6
2019-08-23,40.9
2019-08-24,46.3
2019-08-25,47.6
2019-08-26,53.5
2019-08-27,48.7
2019-08-28,40.5
2019-08-29,34.4
2019-08-30,46.7
2019-08-31,51
2019-09-01,51.1
2019-09-02,59.6
2019-09-03,74.9
2019-09-04,69.4
2019-09-05,55.5
2019-09-06,33.2
2019-09-07,41.4
2019-09-08,34.7
2019-09-09,46.3
2019-09-10,42.4
2019-09-11,46.5
2019-09-12,59.6
2019-09-13,53.2
2019-09-14,32.1
2019-09-15,31.1
2019-09-16,35.4
2019-09-17,31.6
2019-09-18,27.5
2019-09-19,38.8
2019-09-20,40.6
2019-09-21,27.6
2019-09-22,24.5
2019-09-23,40.1
2019-09-24,32.1
2019-09-25,29.4
2019-09-26,22.5
2019-09-27,22.3
2019-09-28,27.9
2019-09-29,25.4
2019-09-30,28.3
2019-10-01,30.3
2019-10-02,30.5
2019-10-03,28.8
2019-10-04,27.3
2019-10-05,45.2
2019-10-06,40.4
2019-10-07,45.7
2019-10-08,59.4
2019-10-09,59.6
2019-10-10,56.1
2019-10-11,51.3
2019-10-12,45.4
2019-10-13,53
2019-10-14,45.6
2019-10-15,52.1
2019-10-16,59
2019-10-17,50.5
2019-10-18,30
2019-10-19,36.4
2019-10-20,30.9
2019-10-21,30.2
2019-10-22,29.7
2019-10-23,29
2019-10-24,29
2019-10-25,30
2019-10-26,30.4
2019-10-27,30.3
2019-10-28,26.7
2019-10-29,29.7
2019-10-30,29
2019-10-31,29.1
2019-11-01,22.4
2019-11-02,22
2019-11-03,21.5
2019-11-04,21.8
2019-11-05,22.6
2019-11-06,28.9
2019-11-07,41.3
2019-11-08,35.8
2019-11-09,53.7
2019-11-10,39.9
2019-11-11,82.2
2019-11-12,124
2019-11-13,98
2019-11-14,91.6
2019-11-15,118
2019-11-16,92.1
2019-11-17,101
2019-11-18,115
2019-11-19,66.1
2019-11-20,54.6
2019-11-21,62.8
2019-11-22,64.1
2019-11-23,62.6
2019-11-24,64.3
2019-11-25,56.8
2019-11-26,29.5
2019-11-27,34.2
2019-11-28,37.8
2019-11-29,34.2
2019-11-30,50.7
2019-12-01,62.6
2019-12-02,60.5
2019-12-03,61.7
2019-12-04,47
2019-12-05,32.8
2019-12-06,32.3
2019-12-07,24.8
2019-12-08,24.6
2019-12-09,24
2019-12-10,22.9
2019-12-11,23.1
2019-12-12,30.1
2019-12-13,32.5
2019-12-14,26.7
2019-12-15,24.3
2019-12-16,28
2019-12-17,32.6
2019-12-18,31.7
2019-12-19,37.1
2019-12-20,33.5
2019-12-21,30.6
2019-12-22,34.2
2019-12-23,83.1
2019-12-24,201
2019-12-25,175
2019-12-26,120
2019-12-27,123
2019-12-28,72.9
2019-12-29,66.2
2019-12-30,60.4
2019-12-31,50.4
2020-01-01,50.3
2020-01-02,43.1
2020-01-03,57.6
2020-01-04,53
2020-01-05,37.3
2020-01-06,40.9
2020-01-07,47.4
2020-01-08,46.2
2020-01-09,46.6
2020-01-10,44.8
2020-01-11,44.3
2020-01-12,30.9
2020-01-13,63.5
2020-01-14,60.1
2020-01-15,45
2020-01-16,49.2
2020-01-17,55.7
2020-01-18,35.7
2020-01-19,31.9
2020-01-20,64.8
2020-01-21,50.3
2020-01-22,31.7
2020-01-23,47.8
2020-01-24,35.2
2020-01-25,32.1
2020-01-26,38.5
2020-01-27,45
2020-01-28,32.9
2020-01-29,32.6
2020-01-30,33.2
2020-01-31,32.9
2020-02-01,45.3
2020-02-02,33.2
2020-02-03,62
2020-02-04,170
2020-02-05,276
2020-02-06,198
2020-02-07,130
2020-02-08,124
2020-02-09,86.7
2020-02-10,53.8
2020-02-11,63.7
2020-02-12,79.2
2020-02-13,70.4
2020-02-14,97.3
2020-02-15,84.6
2020-02-16,36.4
2020-02-17,65.5
2020-02-18,68.7
2020-02-19,87.1
2020-02-20,121
2020-02-21,119
2020-02-22,117
2020-02-23,104
2020-02-24,153
2020-02-25,253
2020-02-26,237
2020-02-27,187
2020-02-28,192
2020-02-29,169
2020-03-01,103
2020-03-02,109
2020-03-03,111
2020-03-04,84.1
2020-03-05,104
2020-03-06,105
2020-03-07,115
2020-03-08,97.5
2020-03-09,102
2020-03-10,88.4
2020-03-11,39.8
2020-03-12,63.5
2020-03-13,75
2020-03-14,95.8
2020-03-15,81.8
2020-03-16,57.5
2020-03-17,67
2020-03-18,60.9
2020-03-19,61.6
2020-03-20,92.7
2020-03-21,64.4
2020-03-22,62.7
2020-03-23,62.4
2020-03-24,55.4
2020-03-25,52.9
2020-03-26,49.4
2020-03-27,58.7
2020-03-28,67.7
2020-03-29,57.5
2020-03-30,67.9
2020-03-31,67.3
2020-04-01,55.1
2020-04-02,42
2020-04-03,67.3
2020-04-04,51.6
2020-04-05,60.7
2020-04-06,59.6
2020-04-07,44.3
2020-04-08,75.1
2020-04-09,74
2020-04-10,78.7
2020-04-11,56.3
2020-04-12,35.8
2020-04-13,32.3
2020-04-14,43
2020-04-15,40
2020-04-16,40.1
2020-04-17,57.5
2020-04-18,45.8
2020-04-19,35.9
2020-04-20,50.7
2020-04-21,39.2
2020-04-22,30.9
2020-04-23,30.7
2020-04-24,30.5
2020-04-25,30.9
2020-04-26,31
2020-04-27,43.1
2020-04-28,46.7
2020-04-29,30.8
2020-04-30,48.1
2020-05-01,31
2020-05-02,27.2
2020-05-03,24.1
2020-05-04,55.7
2020-05-05,63.2
2020-05-06,57.8
2020-05-07,84
2020-05-08,96.6
2020-05-09,65.6
2020-05-10,62.9
2020-05-11,52.9
2020-05-12,47
2020-05-13,54.4
2020-05-14,64
2020-05-15,54
2020-05-16,57
2020-05-17,53.9
2020-05-18,54.3
2020-05-19,43.2
2020-05-20,45.9
2020-05-21,31.6
2020-05-22,49.9
2020-05-23,32
2020-05-24,32.1
2020-05-25,46.1
2020-05-26,49.9
2020-05-27,65.9
2020-05-28,82.3
2020-05-29,90.6
2020-05-30,98.4
2020-05-31,188
2020-06-01,355
2020-06-02,330
2020-06-03,278
2020-06-04,185
2020-06-05,92.8
2020-06-06,71
2020-06-07,71.2
2020-06-08,157
2020-06-09,143
2020-06-10,125
2020-06-11,93.3
2020-06-12,142
2020-06-13,151
2020-06-14,94
2020-06-15,93.2
2020-06-16,111
2020-06-17,79.3
2020-06-18,90.7
2020-06-19,121
2020-06-20,176
2020-06-21,305
2020-06-22,448
2020-06-23,801
2020-06-24,756
2020-06-25,412
2020-06-26,272
2020-06-27,222
2020-06-28,184
2020-06-29,174
2020-06-30,173
2020-07-01,162
2020-07-02,158
2020-07-03,160
2020-07-04,132
2020-07-05,141
2020-07-06,126
2020-07-07,76.6
2020-07-08,69.5
2020-07-09,96.6
2020-07-10,114
2020-07-11,67.8
2020-07-12,62.3
2020-07-13,69.1
2020-07-14,88.4
2020-07-15,78
2020-07-16,90.9
2020-07-17,86.6
2020-07-18,104
2020-07-19,157
2020-07-20,169
2020-07-21,156
2020-07-22,117
2020-07-23,78.1
2020-07-24,104
2020-07-25,78.2
2020-07-26,38.9
2020-07-27,89
2020-07-28,67.5
2020-07-29,59.9
2020-07-30,50.3
2020-07-31,61.6
2020-08-01,53.5
2020-08-02,33.2
2020-08-03,67.3
2020-08-04,60
2020-08-05,58.7
2020-08-06,52.2
2020-08-07,54.7
2020-08-08,61.3
2020-08-09,40.6
2020-08-10,57.9
2020-08-11,47.9
2020-08-12,47.2
2020-08-13,39.8
2020-08-14,32.6
2020-08-15,33.1
2020-08-16,24.3
2020-08-17,30.5
2020-08-18,35.6
2020-08-19,36.2
2020-08-20,50.4
2020-08-21,46.4
2020-08-22,41
2020-08-23,34.4
2020-08-24,62.3
2020-08-25,72.7
2020-08-26,60.3
2020-08-27,49.1
2020-08-28,74.9
2020-08-29,47.5
2020-08-30,47.4
2020-08-31,47.7
2020-09-01,50.4
2020-09-02,36.2
2020-09-03,32.5
2020-09-04,52.2
2020-09-05,35.3
2020-09-06,33.1
2020-09-07,37.1
2020-09-08,54.1
2020-09-09,87.5
2020-09-10,61.1
2020-09-11,59.5
2020-09-12,69.1
2020-09-13,47.3
2020-09-14,33
2020-09-15,39.3
2020-09-16,43.9
2020-09-17,34.2
2020-09-18,32.9
2020-09-19,32.6
2020-09-20,29.5
2020-09-21,27.4
2020-09-22,33
2020-09-23,32.1
2020-09-24,38
2020-09-25,44.2
2020-09-26,42.5
2020-09-27,32.7
2020-09-28,39.5
2020-09-29,55.5
2020-09-30,65.8
2020-10-01,143
2020-10-02,157
2020-10-03,140
2020-10-04,112
2020-10-05,94.7
2020-10-06,66.2
2020-10-07,62.2
2020-10-08,62.3
2020-10-09,69.1
2020-10-10,92.2
2020-10-11,63.9
2020-10-12,91.5
2020-10-13,285
2020-10-14,800
2020-10-15,633
2020-10-16,356
2020-10-17,226
2020-10-18,224
2020-10-19,226
2020-10-20,187
2020-10-21,164
2020-10-22,154
2020-10-23,151
2020-10-24,125
2020-10-25,82.6
2020-10-26,97.1
2020-10-27,95.4
2020-10-28,69.4
2020-10-29,68.5
2020-10-30,69.6
2020-10-31,85.8
2020-11-01,78.6
2020-11-02,111
2020-11-03,92.5
2020-11-04,106
2020-11-05,120
2020-11-06,111
2020-11-07,125
2020-11-08,81.1
2020-11-09,111
2020-11-10,102
2020-11-11,74.9
2020-11-12,86.3
2020-11-13,82.3
2020-11-14,73.1
2020-11-15,65.7
2020-11-16,50.5
2020-11-17,58.8
2020-11-18,63.5
2020-11-19,66.2
2020-11-20,53.4
2020-11-21,58.9
2020-11-22,42.6
2020-11-23,51.1
2020-11-24,42
2020-11-25,38.9
2020-11-26,36.5
2020-11-27,57.4
2020-11-28,62.7
2020-11-29,37.7
2020-11-30,46.7
2020-12-01,42.2
2020-12-02,32.4
2020-12-03,31.2
2020-12-04,44.3
2020-12-05,37.2
2020-12-06,34.1
2020-12-07,43.8
2020-12-08,46.2
2020-12-09,36.2
2020-12-10,33.6
2020-12-11,45.9
2020-12-12,50
2020-12-13,34.6
2020-12-14,33.2
2020-12-15,33.6
2020-12-16,32.7
2020-12-17,34.1
2020-12-18,34.1
2020-12-19,33.9
2020-12-20,30.8
2020-12-21,27.3
2020-12-22,31.5
2020-12-23,32.8
2020-12-24,35.4
2020-12-25,48.6
2020-12-26,76.4
2020-12-27,71.5
2020-12-28,52.3
2020-12-29,48.8
2020-12-30,54
2020-12-31,61.1
2021-01-01,52.6
2021-01-02,59.1
2021-01-03,59.4
2021-01-04,45.6
2021-01-05,48.7
2021-01-06,40.8
2021-01-07,58.8
2021-01-08,75.6
2021-01-09,55.2
2021-01-10,35.4
2021-01-11,43.7
2021-01-12,34.9
2021-01-13,33.9
2021-01-14,24
2021-01-15,43.7
2021-01-16,44.3
2021-01-17,35
2021-01-18,45.2
2021-01-19,32.6
2021-01-20,31.6
2021-01-21,43.1
2021-01-22,43.4
2021-01-23,54.7
2021-01-24,68.4
2021-01-25,96.5
2021-01-26,83.3
2021-01-27,98
2021-01-28,70.6
2021-01-29,66.4
2021-01-30,67.2
2021-01-31,51.9
2021-02-01,46.8
2021-02-02,39.5
2021-02-03,44.5
2021-02-04,60.6
2021-02-05,119
2021-02-06,99.1
2021-02-07,69.8
2021-02-08,73.2
2021-02-09,80.1
2021-02-10,84
2021-02-11,97.5
2021-02-12,88.4
2021-02-13,53
2021-02-14,39.9
2021-02-15,54.6
2021-02-16,62.3
2021-02-17,76.9
2021-02-18,87
2021-02-19,112
2021-02-20,130
2021-02-21,108
2021-02-22,126
2021-02-23,131
2021-02-24,124
2021-02-25,140
2021-02-26,159
2021-02-27,212
2021-02-28,208
2021-03-01,203
2021-03-02,157
2021-03-03,127
2021-03-04,93.3
2021-03-05,105
2021-03-06,103
2021-03-07,76.3
2021-03-08,121
2021-03-09,133
2021-03-10,124
2021-03-11,56
2021-03-12,89.2
2021-03-13,68.5
2021-03-14,57.8
2021-03-15,81.9
2021-03-16,115
2021-03-17,87.3
2021-03-18,93.9
2021-03-19,77.2
2021-03-20,63.9
2021-03-21,52.4
2021-03-22,67.4
2021-03-23,62.5
2021-03-24,60.5
2021-03-25,67.1
2021-03-26,94.4
2021-03-27,73.8
2021-03-28,55.5
2021-03-29,95.7
2021-03-30,81.7
2021-03-31,114
2021-04-01,136
2021-04-02,158
2021-04-03,182
2021-04-04,129
2021-04-05,86.3
2021-04-06,77.5
2021-04-07,93.9
2021-04-08,94.7
2021-04-09,89.2
2021-04-10,79.4
2021-04-11,55.5
2021-04-12,83.2
2021-04-13,90.2
2021-04-14,125
2021-04-15,145
2021-04-16,149
2021-04-17,153
2021-04-18,166
2021-04-19,174
2021-04-20,186
2021-04-21,217
2021-04-22,212
2021-04-23,208
2021-04-24,166
2021-04-25,141
2021-04-26,140
2021-04-27,135
2021-04-28,108
2021-04-29,80.2
2021-04-30,97.3
2021-05-01,97.4
2021-05-02,97.4
2021-05-03,87
2021-05-04,121
2021-05-05,132
2021-05-06,133
2021-05-07,129
2021-05-08,116
2021-05-09,95.6
2021-05-10,90.9
2021-05-11,82.9
2021-05-12,121
2021-05-13,121
2021-05-14,137
2021-05-15,140
2021-05-16,135
2021-05-17,133
2021-05-18,331
2021-05-19,665
2021-05-20,350
2021-05-21,208
2021-05-22,184
2021-05-23,144
2021-05-24,151
2021-05-25,142
2021-05-26,132
2021-05-27,120
2021-05-28,100
2021-05-29,118
2021-05-30,84.7
2021-05-31,118
2021-06-01,119
2021-06-02,112
2021-06-03,70.3
2021-06-04,89.6
2021-06-05,68.6
2021-06-06,67
2021-06-07,98.8
2021-06-08,91.8
2021-06-09,44.6
2021-06-10,54.6
2021-06-11,90.1
2021-06-12,70.5
2021-06-13,54
2021-06-14,65.6
2021-06-15,93.8
2021-06-16,64.8
2021-06-17,63.9
2021-06-18,63.3
2021-06-19,52.8
2021-06-20,35.4
2021-06-21,43.3
2021-06-22,52.9
2021-06-23,57.3
2021-06-24,77.8
2021-06-25,103
2021-06-26,65.2
2021-06-27,59.6
2021-06-28,80.6
2021-06-29,66.1
2021-06-30,56.6
2021-07-01,64.2
2021-07-02,119
2021-07-03,84
2021-07-04,78.7
2021-07-05,81.7
2021-07-06,57.1
2021-07-07,52.8
2021-07-08,49.3
2021-07-09,48.7
2021-07-10,49
2021-07-11,85.7
2021-07-12,123
2021-07-13,150
2021-07-14,185
2021-07-15,111
2021-07-16,67.6
2021-07-17,55.9
2021-07-18,59.8
2021-07-19,72.2
2021-07-20,68.3
2021-07-21,63.5
2021-07-22,90.8
2021-07-23,88
2021-07-24,65.7
2021-07-25,48.2
2021-07-26,50.6
2021-07-27,67.3
2021-07-28,62.9
2021-07-29,50
2021-07-30,49.7
2021-07-31,67.3
2021-08-01,72.7
2021-08-02,66.8
2021-08-03,67
2021-08-04,75.7
2021-08-05,87.7
2021-08-06,263
2021-08-07,160
2021-08-08,112
2021-08-09,107
2021-08-10,84.9
2021-08-11,85.4
2021-08-12,78.9
2021-08-13,63
2021-08-14,50.2
2021-08-15,49.7
2021-08-16,54.7
2021-08-17,63.5
2021-08-18,89.4
2021-08-19,66
2021-08-20,53.8
2021-08-21,59.3
2021-08-22,51.5
2021-08-23,62.8
2021-08-24,120
2021-08-25,160
2021-08-26,110
2021-08-27,103
2021-08-28,79.1
2021-08-29,74.9
2021-08-30,493
2021-08-31,696
2021-09-01,747
2021-09-02,732
2021-09-03,423
2021-09-04,210
2021-09-05,159
2021-09-06,154
2021-09-07,143
2021-09-08,109
2021-09-09,88.3
2021-09-10,96.6
2021-09-11,74.4
2021-09-12,59.4
2021-09-13,57.6
2021-09-14,71.9
2021-09-15,76.8
2021-09-16,72
2021-09-17,179
2021-09-18,253
2021-09-19,229
2021-09-20,168
2021-09-21,119
2021-09-22,87.5
2021-09-23,84.3
2021-09-24,77.4
2021-09-25,68.2
2021-09-26,71.9
2021-09-27,73.1
2021-09-28,69.9
2021-09-29,71.1
2021-09-30,74.4
2021-10-01,82.4
2021-10-02,88
2021-10-03,70.1
2021-10-04,77.6
2021-10-05,94.6
2021-10-06,109
2021-10-07,107
2021-10-08,111
2021-10-09,68
2021-10-10,49.8
2021-10-11,60.3
2021-10-12,62.9
2021-10-13,62.8
2021-10-14,63.1
2021-10-15,63.1
2021-10-16,64.5
2021-10-17,63.2
2021-10-18,64.7
2021-10-19,60.6
2021-10-20,62.4
2021-10-21,50.1
2021-10-22,33.5
2021-10-23,32.5
2021-10-24,43.1
2021-10-25,47
2021-10-26,43.7
2021-10-27,32.9
2021-10-28,36.2
2021-10-29,50.9
2021-10-30,31.5
2021-10-31,32.8
2021-11-01,34.3
2021-11-02,57.3
2021-11-03,64.8
2021-11-04,25
2021-11-05,30.3
2021-11-06,36.9
2021-11-07,32.5
2021-11-08,32.8
2021-11-09,32.1
2021-11-10,32.5
2021-11-11,32.2
2021-11-12,32.5
2021-11-13,32.4
2021-11-14,29.6
2021-11-15,23.9
2021-11-16,31.2
2021-11-17,35.7
2021-11-18,32.5
2021-11-19,32.5
2021-11-20,31.8
2021-11-21,31.6
2021-11-22,31.5
2021-11-23,32.5
2021-11-24,32.6
2021-11-25,36.4
2021-11-26,42.1
2021-11-27,41.6
2021-11-28,32.4
2021-11-29,32.5
2021-11-30,32.5
2021-12-01,32.5
2021-12-02,31.9
2021-12-03,25.5
2021-12-04,23.7
2021-12-05,23.7
2021-12-06,26.9
2021-12-07,31.5
2021-12-08,31.6
2021-12-09,31.3
2021-12-10,31.4
2021-12-11,31.2
2021-12-12,31
2021-12-13,30.6
2021-12-14,31
2021-12-15,31.2
2021-12-16,31.4
2021-12-17,31.4
2021-12-18,30.9
2021-12-19,31.4
2021-12-20,31.5
2021-12-21,47.9
2021-12-22,57.6
2021-12-23,36.5
2021-12-24,31.5
2021-12-25,31.6
2021-12-26,31.4
2021-12-27,45.2
2021-12-28,41.3
2021-12-29,30.5
2021-12-30,30.7
2021-12-31,35.9
2022-01-01,62.7
2022-01-02,113
2022-01-03,145
2022-01-04,145
2022-01-05,159
2022-01-06,137
2022-01-07,108
2022-01-08,94.8
2022-01-09,57
2022-01-10,65.3
2022-01-11,75.7
2022-01-12,72.3
2022-01-13,53
2022-01-14,32.7
2022-01-15,42.9
2022-01-16,56.6
2022-01-17,42.1
2022-01-18,58.3
2022-01-19,58.4
2022-01-20,59.4
2022-01-21,60.8
2022-01-22,58.4
2022-01-23,32.3
2022-01-24,37.3
2022-01-25,31.7
2022-01-26,45.4
2022-01-27,34.1
2022-01-28,33.3
2022-01-29,51.5
2022-01-30,32.5
2022-01-31,51
2022-02-01,59.3
2022-02-02,53.6
2022-02-03,62.8
2022-02-04,80
2022-02-05,35.4
2022-02-06,44.9
2022-02-07,49.2
2022-02-08,67.4
2022-02-09,51.2
2022-02-10,103
2022-02-11,102
2022-02-12,94.8
2022-02-13,95.1
2022-02-14,72.1
2022-02-15,73.6
2022-02-16,63.6
2022-02-17,60.3
2022-02-18,105
2022-02-19,134
2022-02-20,118
2022-02-21,126
2022-02-22,112
2022-02-23,97.6
2022-02-24,82.6
2022-02-25,59.7
2022-02-26,62
2022-02-27,67.4
2022-02-28,68.6
2022-03-01,62.6
2022-03-02,77.8
2022-03-03,59.3
2022-03-04,58.8
2022-03-05,58.9
2022-03-06,58.4
2022-03-07,58.8
2022-03-08,55.4
2022-03-09,51.8
2022-03-10,47.9
2022-03-11,38
2022-03-12,32.9
2022-03-13,30.6
2022-03-14,32.1
2022-03-15,44.1
2022-03-16,45.8
2022-03-17,36.4
2022-03-18,36.7
2022-03-19,47.1
2022-03-20,38.2
2022-03-21,52.1
2022-03-22,55.2
2022-03-23,49
2022-03-24,48.2
2022-03-25,50.8
2022-03-26,50
2022-03-27,57.1
2022-03-28,107
2022-03-29,107
2022-03-30,108
2022-03-31,113
2022-04-01,132
2022-04-02,131
2022-04-03,130
2022-04-04,132
2022-04-05,118
2022-04-06,96.5
2022-04-07,87.1
2022-04-08,59
2022-04-09,108
2022-04-10,113
2022-04-11,129
2022-04-12,127
2022-04-13,111
2022-04-14,72.8
2022-04-15,102
2022-04-16,83
2022-04-17,99
2022-04-18,87.2
2022-04-19,116
2022-04-20,70.3
2022-04-21,59.7
2022-04-22,77.7
2022-04-23,87.1
2022-04-24,47.5
2022-04-25,56.7
2022-04-26,95.5
2022-04-27,105
2022-04-28,113
2022-04-29,109
2022-04-30,106
2022-05-01,98.5
2022-05-02,94.8
2022-05-03,70
2022-05-04,68.6
2022-05-05,79.2
2022-05-06,97.1
2022-05-07,108
2022-05-08,104
2022-05-09,106
2022-05-10,117
2022-05-11,78.2
2022-05-12,67.3
2022-05-13,68.1
2022-05-14,45.8
2022-05-15,55.9
2022-05-16,76.2
2022-05-17,72.8
2022-05-18,60.3
2022-05-19,69.3
2022-05-20,67.5
2022-05-21,62.5
2022-05-22,48.6
2022-05-23,56.4
2022-05-24,64.1
2022-05-25,58.1
2022-05-26,61.1
2022-05-27,60.9
2022-05-28,53.8
2022-05-29,51
2022-05-30,71.2
2022-05-31,50.8
2022-06-01,34.9
2022-06-02,45.5
2022-06-03,47.3
2022-06-04,40.5
2022-06-05,38.7
2022-06-06,43.4
2022-06-07,30.5
2022-06-08,32.5
2022-06-09,47
2022-06-10,46.4
2022-06-11,36.5
2022-06-12,36.5
2022-06-13,32.5
2022-06-14,34.5
2022-06-15,38.4
2022-06-16,44.6
2022-06-17,44.9
2022-06-18,43.8
2022-06-19,31
2022-06-20,35.3
2022-06-21,40.4
2022-06-22,34.7
2022-06-23,36.9
2022-06-24,36.1
2022-06-25,28.5
2022-06-26,24.4
2022-06-27,22.9
2022-06-28,21.5
2022-06-29,27
2022-06-30,42.6
2022-07-01,38.8
2022-07-02,33.7
2022-07-03,34.2
2022-07-04,33.6
2022-07-05,32.7
2022-07-06,36.4
2022-07-07,35.6
2022-07-08,35
2022-07-09,31.8
2022-07-10,39.3
2022-07-11,34.4
2022-07-12,33.4
2022-07-13,36.6
2022-07-14,33.3
2022-07-15,36.4
2022-07-16,36.3
2022-07-17,32.7
2022-07-18,36.5
2022-07-19,33.8
2022-07-20,34.5
2022-07-21,32.1
2022-07-22,29
2022-07-23,30.1
2022-07-24,30
2022-07-25,29.9
2022-07-26,25
2022-07-27,25
2022-07-28,24.5
2022-07-29,24.5
2022-07-30,28
2022-07-31,34.5
2022-08-01,38.8
2022-08-02,38.3
2022-08-03,42.6
2022-08-04,33.6
2022-08-05,32.9
2022-08-06,29.9
2022-08-07,35.9
2022-08-08,33.4
2022-08-09,30.7
2022-08-10,28.3
2022-08-11,23.2
2022-08-12,22.1
2022-08-13,26.5
2022-08-14,32.5
2022-08-15,32.5
2022-08-16,28.5
2022-08-17,34.5
2022-08-18,34.5
2022-08-19,28.5
2022-08-20,38.9
2022-08-21,36.5
2022-08-22,46.7
2022-08-23,48.3
2022-08-24,58.3
2022-08-25,43.2
2022-08-26,34.5
2022-08-27,25.5
2022-08-28,25.7
2022-08-29,26.3
2022-08-30,25.2
2022-08-31,26.5
2022-09-01,26.9
2022-09-02,32.2
2022-09-03,36.9
2022-09-04,30.6
2022-09-05,35.4
2022-09-06,28.3
2022-09-07,25.2
2022-09-08,22.4
2022-09-09,22
2022-09-10,22.5
2022-09-11,21.9
2022-09-12,21.8
2022-09-13,22.6
2022-09-14,24.9
2022-09-15,26
2022-09-16,28.3
2022-09-17,24.7
2022-09-18,25.4
2022-09-19,26.1
2022-09-20,36.9
2022-09-21,60.6
2022-09-22,49.4
2022-09-23,59
2022-09-24,63.4
2022-09-25,47.5
2022-09-26,43.2
2022-09-27,60.5
2022-09-28,44.6
2022-09-29,50.7
2022-09-30,69.5
2022-10-01,68.1
2022-10-02,59
2022-10-03,66.8
2022-10-04,94.7
2022-10-05,122
2022-10-06,108
2022-10-07,102
2022-10-08,95.3
2022-10-09,67.3
2022-10-10,62.9
2022-10-11,47
2022-10-12,61
2022-10-13,68.6
2022-10-14,75.9
2022-10-15,58.6
2022-10-16,37.2
2022-10-17,46.9
2022-10-18,49
2022-10-19,42.7
2022-10-20,44.3
2022-10-21,39.6
2022-10-22,31.1
2022-10-23,33.1
2022-10-24,42.4
2022-10-25,35.8
2022-10-26,42.6
2022-10-27,35.2
2022-10-28,33.7
2022-10-29,34.1
2022-10-30,30.3
2022-10-31,25.4
